Unique Term List:,Enumeration:,,
A,1,Black,
AQ,2,Aqua,
B,3,Blue,
B G,4,Blue Green,
B P,5,Blue Purple,
BB,6,,Refers to a dark blue (H26)
C,7,,"Refers to off-white (B1-8, 35-40)"
CH,8,,Refers to dark brown-red (I36-40)
CO,9,Coral,
D G,10,Dark Green,
E,11,Gray,
E A,12,Gray Black,
F G,13,Forest Green,
G,14,Green,
G B,15,Green Blue,
G N,16,Green Browm,
G P,17,Green Purple,
G Y,18,Green Yellow,
K,19,Pink,
K O,20,Pink Orange,
K P,21,Pink Purple,
K W,22,Pink White,
L B,23,Light Blue,
L G,24,Light Green,
L P,25,Light Purple,
LA,26,Lavender,
LA L P,27,Lavender Light Purple,
LE,28,Lemon?,
LI,29,Lime,
M,30,Maroon,
N,31,Brown,
N G,32,Brown,
N O,33,Brown Orange,
N P,34,Brown Purple,
N R,35,Brown Red,
N Y,36,Brown Yellow,
NY B,37,Navy Blue,
O,38,Orange,
O G,39,Orange Green,
O K,40,Orange Pink,
O R,41,Orange Red,
O Y,42,Orange Yellow,
OL,43,Olive?,Refers to dark brown-green (I9-14)
OW,44,Off-White,
P,45,Purple,
P B,46,Purple Blue,
P K,47,Purple Pink,
P R,48,Purple Red,
PH,49,Peach,
PL Y,50,,Refers to off-white-yellow (B6-9)
Q,51,,"Refers to off-white (B1-8, 35-40)"
R,52,Red,
R B,53,Red blue,
R K,54,Red Pink,
R N,55,Red Brown,
R O,56,Red Orange,
R P,57,Red Purple,
RU,58,Rust,
RU O,59,Rust Orange,
S,60,Salmon,
T,61,Tan,
TE,62,Teal,
TE B,63,Teal Blue,
TQ,64,Turquoise ,
V,65,Violet,
W,66,White,
WI,67,Wine,
Y,68,Yellow,
Y G,69,Yellow Green,
Y O,70,Yellow Orange,
